<?xml version="1.0" encoding="UTF-8" standalone="yes"?>
<addon id="plugin.video.supertv.matrix" name="SUPERTV" version="1.0.1+matrix.1" provider-name="Felipe"> 
<requires>
    <import addon="xbmc.python" version="3.0.0"/>
    <import addon="script.module.requests"/>
    <import addon="script.module.simplejson"/>
	<import addon="script.module.kodi-six" />
</requires>  
<extension point="xbmc.python.pluginsource" library="default.py">
	<provides>video</provides>
</extension>   
<extension point="xbmc.addon.metadata">
	<summary lang="en">WhatsApp: 46 99117 8250</summary>
	<summary lang="pt">WhatsApp: 46 99117 8250</summary>
	<description lang="en">Addon for kodi 19</description>
	<description lang="pt">Addon for kodi 19</description>
    <disclaimer lang="en">O ADDON SUPERTV OFERECE CANAIS GRATUITOS, SE VOCÊ QUISER UM SISTEMA MELHOR PAGO ENTRE EM CONTATO PELO WHATSAPP 46 991178250.</disclaimer>
	<disclaimer lang="pt">O ADDON SUPERTV OFERECE CANAIS GRATUITOS, SE VOCÊ QUISER UM SISTEMA MELHOR PAGO ENTRE EM CONTATO PELO WHATSAPP 46 991178250.</disclaimer>
    <platform>all</platform>
	<assets>
       <icon>icon.png</icon>
       <fanart>fanart.jpg</fanart>
    </assets>
	<news>
v1.0.0.matrix.1
- Addon modelo
	</news>
</extension>
</addon>