<?xml version="1.0" encoding="UTF-8" standalone="yes"?>
<addon id="plugin.video.flash_brasil.matrix" name="[COLOR orange]Flash[/COLOR][COLORlime]Brasil[/COLOR]" version="1.0.1+matrix.1" provider-name="Flechanegra"> 
<requires>
    <import addon="xbmc.python" version="3.0.0"/>
    <import addon="script.module.requests"/>
    <import addon="script.module.simplejson"/>
	<import addon="script.module.kodi-six" />
</requires>  
<extension point="xbmc.python.pluginsource" library="default.py">
	<provides>video</provides>
</extension>   
<extension point="xbmc.addon.metadata">
	<summary lang="en">[COLOR red]Flecha[/COLOR] [COLOR black]Negra[/COLOR] [COLORorange]é um addon da familia K-PT Flechanegra.TODOS OS LINKS ESTÃO DISPONIVEIS NA INTERNET![/COLOR]</summary>
	<summary lang="pt">[B][COLOR chocolate]Glorioso Tv é apenas um AGREGADOR de links e, assim como o Google.com, apenas agrega e organiza os links externos. Não somos responsáveis pelos arquivos aqui encontrados.[/COLOR][/B]</summary>
	<description lang="en">Addon for kodi 19</description>
	<description lang="pt">[COLOR red]Flecha[/COLOR] [COLOR black]Negra[/COLOR] [COLORorange]é um addon da familia K-PT Flechanegra.TODOS OS LINKS ESTÃO DISPONIVEIS NA INTERNET![/COLOR]</description>
    <disclaimer lang="en">Flash Brasil é gratis</disclaimer>
	<disclaimer lang="pt">Contribua com quem configura o seu Computador/TV box/Celular/TV</disclaimer>
    <platform>all</platform>
	<assets>
       <icon>icon.png</icon>
       <fanart>fanart.jpg</fanart>
    </assets>
	<news>
v1.0.0.matrix.1
- Versão Kodi 19
	</news>
</extension>
</addon>