<?xml version="1.0" encoding="UTF-8" standalone="yes"?>
<addon id="plugin.video.FORMIGAtv" name="[COLOR  blue][B]FORMIGA[COLOR  silver][B]tv[/B][/COLOR]" version="3.9" provider-name="TEAMFORMIGAtv">
  <requires>
    <import addon="xbmc.python" version="2.1.0"/>
    <import addon="script.module.beautifulsoup" version="3.2.1"/>
    <import addon="script.module.simple.downloader" version="0.9.4"/>
    <import addon="script.module.beautifulsoup4"/>
    <import addon="script.module.requests"/>
    <import addon="script.module.httplib2"/>
    <import addon="script.module.youtube.dl" optional="true"/>
    <import addon="plugin.video.youtube"/>
    <import addon="script.module.urlresolver" optional="true"/>
    <import addon="script.module.simplejson"/>
   </requires>
  <extension point="xbmc.python.pluginsource" library="default.py">
        <provides>video</provides>
  </extension>
  <extension point="xbmc.addon.metadata">
    <summary lang="en">[COLOR  white][B]Sempre[COLOR  blue][B]Atualizando[/B][/COLOR][COLOR  white][B]..[/B][/COLOR]</summary>
	     <description lang="pt">[B][COLOR cyan]ADDON FORMIGAtv [/COLOR][/B][B][COLOR white] é apenas um AGREGADOR de links e, assim como o Google.com, apenas agrega e organiza os links externos. Não somos responsáveis pelos arquivos aqui encontrados.[/COLOR][/B]</description>
		 <disclaimer lang="en">FORMIGAtv - Sua Nova Forma De Ver TV</disclaimer>
    <platform>all</platform>
  </extension>

</addon>
