<?xml version="1.0" encoding="UTF-8" standalone="yes"?>
<addon id="plugin.video.BrLive.matrix" name="[COLOR white][B]Br[/B][/COLOR][COLOR red][B]Live[/B][/COLOR]" version="1.0.1+matrix.1" provider-name="BRLIVE"> 
<requires>
    <import addon="xbmc.python" version="3.0.0"/>
    <import addon="script.module.requests"/>
    <import addon="script.module.simplejson"/>
	<import addon="script.module.kodi-six" />
</requires>  
<extension point="xbmc.python.pluginsource" library="default.py">
	<provides>video</provides>
</extension>   
<extension point="xbmc.addon.metadata">
	<summary lang="en">TV AO VIVO [COLOR yellow]l[/COLOR] IPTV [COLOR yellow]l[/COLOR]</summary>
	<summary lang="pt">O autor não é responsável pelo uso deste addon. [B][COLOR white]Br'[/COLOR][/B][COLOR red]Live[/COLOR]</summary>
	<description lang="en">Addon for kodi 19</description>
	<description lang="pt">Addon for kodi 19</description>
    <disclaimer lang="en">The author is in no way affiliated with Kodi, Team Kodi or the XBMC Foundation. This is a non-profit resource.</disclaimer>
	<disclaimer lang="pt">O autor não é de forma alguma afiliado à Kodi, à Team Kodi ou à XBMC Foundation. Este é um recurso sem fins lucrativos, organizado exclusivamente para fins educacionais e protegido pela doutrina de uso justo da Lei de Direitos Autorais, especificamente a seção 107, que promove a liberdade de expressão, permitindo o uso não licenciado de obras protegidas por direitos autorais.

[B][COLOR white]Br'[/COLOR][/B][COLOR red]Live[/COLOR] DO MELHOR COM IPTV PARA A SUA CASA [COLOR yellow][B]l[/COLOR][/B]</disclaimer>
    <platform>all</platform>
	<assets>
       <icon>icon.png</icon>
       <fanart>fanart.jpg</fanart>
    </assets>
	<news>
v1.0.0.matrix.1
- Addon modelo
	</news>
</extension>
</addon>