<?xml version="1.0" encoding="UTF-8" standalone="yes"?>
<addon id="plugin.video.FORMIGAtv.matrix" name="[COLOR  blue][B]FORMIGA[COLOR  silver][B]tv[/B][/COLOR]" version="1.0.1+matrix.1" provider-name="TEAMFORMIGAtv"> 
<requires>
    <import addon="xbmc.python" version="3.0.0"/>
    <import addon="script.module.requests"/>
    <import addon="script.module.simplejson"/>
	<import addon="script.module.kodi-six" />
</requires>  
<extension point="xbmc.python.pluginsource" library="default.py">
	<provides>video</provides>
</extension>   
<extension point="xbmc.addon.metadata">
	<summary lang="en">Filmes e Series</summary>
	<summary lang="pt">[COLOR  white][B]Sempre[COLOR  blue][B]Atualizando[/B][/COLOR][COLOR  white][B]..[/B][/COLOR]</summary>
	<description lang="en">Addon for kodi 19</description>
	<description lang="pt">Addon for kodi 19</description>
    <disclaimer lang="en">[B][COLOR cyan]ADDON FORMIGAtv [/COLOR][/B][B][COLOR white] é apenas um AGREGADOR de links e, assim como o Google.com, apenas agrega e organiza os links externos. Não somos responsáveis pelos arquivos aqui encontrados.[/COLOR][/B]</disclaimer>
	<disclaimer lang="pt">FORMIGAtv - Sua Nova Forma De Ver TV</disclaimer>
    <platform>all</platform>
	<assets>
       <icon>icon.png</icon>
       <fanart>fanart.jpg</fanart>
    </assets>
	<news>
v1.0.0.matrix.1
- Kodi 19
	</news>
</extension>
</addon>