<?xml version="1.0" encoding="UTF-8" standalone="yes"?>
<addon id="plugin.video.KelTecPlay.matrix" name="[B][COLOR white]KelTec[/COLOR] [COLOR crimson]Play[/COLOR][/B]" version="1.0.1+matrix.1" provider-name="Team KelTec"> 
<requires>
    <import addon="xbmc.python" version="3.0.0"/>
    <import addon="script.module.requests"/>
    <import addon="script.module.simplejson"/>
	<import addon="script.module.kodi-six" />
</requires>  
<extension point="xbmc.python.pluginsource" library="default.py">
	<provides>video</provides>
</extension>   
<extension point="xbmc.addon.metadata">
	<summary lang="en">Filmes e Series</summary>
	<summary lang="pt">Addon modificado do PlaylistLoader 1.2.0 </summary>
	<description lang="en">Addon for kodi 19</description>
	<description lang="pt">Addon for kodi 19</description>
    <disclaimer lang="en">Addon modificado do PlaylistLoader 1.2.0 por Avigdor https://github.com/avigdork/xbmc-avigdork. Nao somos responsaveis por colocar o conteudo online, apenas indexamos. Para sugestoes e report de bugs nossa pagina no FB: [COLOR blue]https://www.facebook.com/groups/KelTec.Media.Play[/COLOR]</disclaimer>
	<disclaimer lang="pt">O autor não é de forma alguma afiliado à Kodi, à Team Kodi ou à XBMC Foundation. Este é um recurso sem fins lucrativos, organizado exclusivamente para fins educacionais e protegido pela doutrina de uso justo da Lei de Direitos Autorais, especificamente a seção 107, que promove a liberdade de expressão, permitindo o uso não licenciado de obras protegidas por direitos autorais.</disclaimer>
    <platform>all</platform>
	<assets>
       <icon>icon.png</icon>
       <fanart>fanart.jpg</fanart>
    </assets>
	<news>
v1.0.0.matrix.1
- Addon modelo
	</news>
</extension>
</addon>